,posting_id,posting_id_target,pred
0,5054919381-276,5054207554-276,0.2999924255536405
1,5054919381-276,665592882-276,-0.6999999606007757
2,5054919381-276,962786054-276,-0.6999983064270352
3,5054919381-276,616074177-276,-0.6999999564865113
4,5054919381-276,443587859-276,-0.6999966293481703
5,5054919381-276,453447091-276,-0.6932343916414765
6,5054919381-276,1480168165-276,-0.6978780838173225
7,5054919381-276,579558414-276,-0.6999991843418601
8,5054919381-276,693670239-276,-0.6999670325160011
9,5054919381-276,873021130-276,-0.6999535940461782
10,5054919381-276,620608873-276,-0.6999994806862437
11,5054919381-276,179489451-276,-0.6999998605515403
12,5054919381-276,549377034-276,-0.6999971476220355
13,5054919381-276,265591755-276,-0.6932619489426323
14,5054919381-276,1907318737-276,-0.6999951069573965
15,5054919381-276,352285146-276,-0.6996565599086859
16,5054919381-276,303227559-276,-0.6989469930138968
17,5054919381-276,571918184-276,-0.6999981862207062
18,5054919381-276,209201965-276,-0.6999997612673522
19,5054919381-276,610390317-276,-0.6994394839436715
20,5054919381-276,2157468264-276,-0.6999370981025639
21,5054919381-276,985186916-276,-0.6999977193783271
22,5054919381-276,253034482-276,-0.6999898236231553
23,5054919381-276,713100161-276,-0.69999982002096
24,5054919381-276,444643759-276,-0.6999999756133436
25,5054919381-276,649244098-276,-0.6994636617542099
26,5054919381-276,564022170-276,-0.6999838047542276
27,5054919381-276,224556024-276,-0.6999981849193706
28,5054919381-276,454408250-276,-0.699999741208718
29,5054919381-276,759065146-276,-0.6999999732918348
30,5054919381-276,809681211-276,-0.6999989987000274
31,5054919381-276,1403258482-276,-0.699893965727302
32,5054919381-276,902723613-276,-0.6999949560455575
33,5054919381-276,685510731-276,-0.698793369154939
34,5054919381-276,462799546-276,-0.6999641651998356
35,5054919381-276,2068427086-276,-0.6910961120396045
36,5054919381-276,1305687480-276,-0.6999991663003422
37,5054919381-276,638800383-276,-0.6999481002586466
38,5054919381-276,638800383-276,-0.6999999099847888
39,5054207554-276,5054919381-276,0.2999843527075202
40,5054207554-276,665592882-276,-0.6999998432025828
41,5054207554-276,962786054-276,-0.6999984067929358
42,5054207554-276,616074177-276,-0.6999996568027319
43,5054207554-276,443587859-276,-0.6999924400797496
44,5054207554-276,453447091-276,-0.6999977678534587
45,5054207554-276,1480168165-276,-0.6964979176561659
46,5054207554-276,579558414-276,-0.6999985606154184
47,5054207554-276,693670239-276,-0.6999966179566104
48,5054207554-276,873021130-276,-0.6999739261950518
49,5054207554-276,620608873-276,-0.6999989746220291
50,5054207554-276,179489451-276,-0.6999997239189917
51,5054207554-276,549377034-276,-0.6999640323555449
52,5054207554-276,265591755-276,-0.6276771844170375
53,5054207554-276,1907318737-276,-0.6999670021692328
54,5054207554-276,352285146-276,-0.6997568843536346
55,5054207554-276,303227559-276,-0.6988335110316876
56,5054207554-276,571918184-276,-0.6999998190073338
57,5054207554-276,209201965-276,-0.6999982795164228
58,5054207554-276,610390317-276,-0.6990701576583811
59,5054207554-276,2157468264-276,-0.6959601864172673
60,5054207554-276,985186916-276,-0.6999949169288952
61,5054207554-276,253034482-276,-0.6999975223752863
62,5054207554-276,713100161-276,-0.6999985094272317
63,5054207554-276,444643759-276,-0.6999999567324013
64,5054207554-276,649244098-276,-0.6987438663043863
65,5054207554-276,564022170-276,-0.6999355920124211
66,5054207554-276,224556024-276,-0.6999968644386704
67,5054207554-276,454408250-276,-0.6999991823251619
68,5054207554-276,759065146-276,-0.6999998917240027
69,5054207554-276,809681211-276,-0.699988672474404
70,5054207554-276,1403258482-276,-0.6996018942045322
71,5054207554-276,902723613-276,-0.6985743304746322
72,5054207554-276,685510731-276,-0.6994606367432281
73,5054207554-276,462799546-276,-0.6999107809054805
74,5054207554-276,2068427086-276,-0.6713001065155104
75,5054207554-276,1305687480-276,-0.6871572565398234
76,5054207554-276,638800383-276,-0.6995490314641802
77,5054207554-276,638800383-276,-0.699999543055047
78,665592882-276,5054919381-276,-0.6999999244013535
79,665592882-276,5054207554-276,-0.6999980018137019
80,665592882-276,962786054-276,-0.6901448477855922
81,665592882-276,616074177-276,-0.6998981053906201
82,665592882-276,443587859-276,0.29886363913763025
83,665592882-276,453447091-276,-0.6998740766108396
84,665592882-276,1480168165-276,-0.6999997114627
85,665592882-276,579558414-276,-0.6999987046338985
86,665592882-276,693670239-276,-0.6999992512097624
87,665592882-276,873021130-276,-0.6999977751159132
88,665592882-276,620608873-276,-0.6999963278869561
89,665592882-276,179489451-276,-0.6999999061074249
90,665592882-276,549377034-276,-0.6999991527081892
91,665592882-276,265591755-276,-0.6999994479273361
92,665592882-276,1907318737-276,-0.6999960003412068
93,665592882-276,352285146-276,-0.6999998275860447
94,665592882-276,303227559-276,-0.6997553802693813
95,665592882-276,571918184-276,0.2909914252081549
96,665592882-276,209201965-276,0.29993293751699257
97,665592882-276,610390317-276,-0.69999891857971
98,665592882-276,2157468264-276,-0.6999878048061802
99,665592882-276,985186916-276,-0.699995062283808
100,665592882-276,253034482-276,0.2991075705336711
101,665592882-276,713100161-276,-0.6999996629475821
102,665592882-276,444643759-276,-0.6999999928331225
103,665592882-276,649244098-276,-0.6999989711400763
104,665592882-276,564022170-276,-0.6999989954646966
105,665592882-276,224556024-276,-0.6999998523039153
106,665592882-276,454408250-276,-0.02612867930531193
107,665592882-276,759065146-276,-0.6999999800370542
108,665592882-276,809681211-276,-0.699999617968585
109,665592882-276,1403258482-276,-0.6999998613720185
110,665592882-276,902723613-276,-0.6999992389752405
111,665592882-276,685510731-276,-0.6999996826180607
112,665592882-276,462799546-276,-0.6999996878740898
113,665592882-276,2068427086-276,-0.6999997344957638
114,665592882-276,1305687480-276,-0.6999906217263101
115,665592882-276,638800383-276,-0.6999996294857428
116,665592882-276,638800383-276,-0.6999997005767343
117,962786054-276,5054919381-276,-0.699991625250685
118,962786054-276,5054207554-276,-0.6999839780875959
119,962786054-276,665592882-276,-0.6863338827013817
120,962786054-276,616074177-276,-0.6996182592595287
121,962786054-276,443587859-276,-0.6999995328256
122,962786054-276,453447091-276,-0.6999716275765939
123,962786054-276,1480168165-276,-0.699034705095947
124,962786054-276,579558414-276,-0.6999995569963479
125,962786054-276,693670239-276,-0.6999980138235645
126,962786054-276,873021130-276,-0.0170036900945556
127,962786054-276,620608873-276,-0.6999978250808346
128,962786054-276,179489451-276,-0.6999999645345464
129,962786054-276,549377034-276,-0.6537961358878626
130,962786054-276,265591755-276,-0.6999981340846898
131,962786054-276,1907318737-276,-0.6867251920526555
132,962786054-276,352285146-276,-0.6999994215814238
133,962786054-276,303227559-276,-0.699995063196011
134,962786054-276,571918184-276,-0.6999985310102305
135,962786054-276,209201965-276,-0.699978796774696
136,962786054-276,610390317-276,-0.693539247118985
137,962786054-276,2157468264-276,-0.6985434727073214
138,962786054-276,985186916-276,-0.6999968396683771
139,962786054-276,253034482-276,-0.6999832567262053
140,962786054-276,713100161-276,-0.6999990278705494
141,962786054-276,444643759-276,-0.6999999874522339
142,962786054-276,649244098-276,-0.6896999585617068
143,962786054-276,564022170-276,-0.42277144700043395
144,962786054-276,224556024-276,-0.6999995251979994
145,962786054-276,454408250-276,0.24332009856673809
146,962786054-276,759065146-276,-0.699999991946488
147,962786054-276,809681211-276,-0.6706879070382853
148,962786054-276,1403258482-276,-0.6999998105055046
149,962786054-276,902723613-276,-0.6796367432031514
150,962786054-276,685510731-276,-0.6970161036272432
151,962786054-276,462799546-276,-0.6999993866201247
152,962786054-276,2068427086-276,-0.6994436855864745
153,962786054-276,1305687480-276,-0.6999902807416913
154,962786054-276,638800383-276,-0.6999983097744631
155,962786054-276,638800383-276,-0.6999984378604894
156,616074177-276,5054919381-276,-0.6999999636494086
157,616074177-276,5054207554-276,-0.6999997735301758
158,616074177-276,665592882-276,-0.6999810857762317
159,616074177-276,962786054-276,-0.6998084752295636
160,616074177-276,443587859-276,-0.6999999575442577
161,616074177-276,453447091-276,-0.6999972250661637
162,616074177-276,1480168165-276,-0.6999996062347089
163,616074177-276,579558414-276,-0.6999997473832718
164,616074177-276,693670239-276,-0.699999676868494
165,616074177-276,873021130-276,-0.6999980397747072
166,616074177-276,620608873-276,-0.69999965028598
167,616074177-276,179489451-276,-0.6999996533718643
168,616074177-276,549377034-276,-0.6999999828460775
169,616074177-276,265591755-276,-0.6999052565171416
170,616074177-276,1907318737-276,-0.6999998757799034
171,616074177-276,352285146-276,-0.6999999682755739
172,616074177-276,303227559-276,-0.6999995847354497
173,616074177-276,571918184-276,-0.6999999847922725
174,616074177-276,209201965-276,-0.6999998963555508
175,616074177-276,610390317-276,-0.6999999761132955
176,616074177-276,2157468264-276,-0.6999932372602079
177,616074177-276,985186916-276,-0.6999959287899602
178,616074177-276,253034482-276,-0.6999999029372446
179,616074177-276,713100161-276,0.29995760395150706
180,616074177-276,444643759-276,-0.6999997521905859
181,616074177-276,649244098-276,-0.6999999857375655
182,616074177-276,564022170-276,-0.6999999667606732
183,616074177-276,224556024-276,-0.6999991919294356
184,616074177-276,454408250-276,-0.6828891988336399
185,616074177-276,759065146-276,-0.6999841836342688
186,616074177-276,809681211-276,-0.6999999859718893
187,616074177-276,1403258482-276,-0.6999995675440297
188,616074177-276,902723613-276,-0.6999893508885158
189,616074177-276,685510731-276,-0.6999999912899193
190,616074177-276,462799546-276,-0.699999858645886
191,616074177-276,2068427086-276,-0.6999986987220764
192,616074177-276,1305687480-276,0.29916964103657195
193,616074177-276,638800383-276,-0.6999999733177692
194,616074177-276,638800383-276,-0.6999999739498435
195,443587859-276,5054919381-276,-0.6999849343370341
196,443587859-276,5054207554-276,-0.6997832315341399
197,443587859-276,665592882-276,0.2984395372679274
198,443587859-276,962786054-276,-0.6999989457068875
199,443587859-276,616074177-276,-0.6999991899254279
200,443587859-276,453447091-276,-0.33630438840710936
201,443587859-276,1480168165-276,-0.6990418573192619
202,443587859-276,579558414-276,-0.6998942453275043
203,443587859-276,693670239-276,-0.6997776041631409
204,443587859-276,873021130-276,-0.684697077219334
205,443587859-276,620608873-276,-0.675936593719981
206,443587859-276,179489451-276,-0.699589040745204
207,443587859-276,549377034-276,-0.6998500184390019
208,443587859-276,265591755-276,-0.6949068918947133
209,443587859-276,1907318737-276,-0.6847728772673898
210,443587859-276,352285146-276,-0.6991825874902298
211,443587859-276,303227559-276,-0.6984623676780056
212,443587859-276,571918184-276,0.29995214462774134
213,443587859-276,209201965-276,0.2999665046416814
214,443587859-276,610390317-276,-0.6994715508551539
215,443587859-276,2157468264-276,-0.6836766654646614
216,443587859-276,985186916-276,-0.6997761825529778
217,443587859-276,253034482-276,0.2999878449726945
218,443587859-276,713100161-276,-0.699962348490517
219,443587859-276,444643759-276,-0.699910214583011
220,443587859-276,649244098-276,-0.6991462515523075
221,443587859-276,564022170-276,-0.6994256095171505
222,443587859-276,224556024-276,-0.6992768704255221
223,443587859-276,454408250-276,-0.6999973706269464
224,443587859-276,759065146-276,-0.699649710416883
225,443587859-276,809681211-276,-0.6991721818795229
226,443587859-276,1403258482-276,-0.6999874486400952
227,443587859-276,902723613-276,-0.695541296356824
228,443587859-276,685510731-276,-0.69996717890541
229,443587859-276,462799546-276,-0.6998671534953431
230,443587859-276,2068427086-276,-0.698276702939684
231,443587859-276,1305687480-276,-0.6963718731316115
232,443587859-276,638800383-276,-0.6989035892480869
233,443587859-276,638800383-276,-0.6999113996786975
234,453447091-276,5054919381-276,-0.6719642452109803
235,453447091-276,5054207554-276,-0.699940075980548
236,453447091-276,665592882-276,-0.6997939697659262
237,453447091-276,962786054-276,-0.6999827181552252
238,453447091-276,616074177-276,-0.6999907185372076
239,453447091-276,443587859-276,-0.45528929440297083
240,453447091-276,1480168165-276,-0.6996471967809125
241,453447091-276,579558414-276,-0.6982478967599125
242,453447091-276,693670239-276,-0.48902005673429333
243,453447091-276,873021130-276,-0.6946678118281441
244,453447091-276,620608873-276,-0.6951201892229717
245,453447091-276,179489451-276,-0.5258985154761189
246,453447091-276,549377034-276,-0.6984275555467101
247,453447091-276,265591755-276,-0.6991554279822956
248,453447091-276,1907318737-276,-0.6690662111951443
249,453447091-276,352285146-276,-0.6999965225137474
250,453447091-276,303227559-276,-0.6854440482758563
251,453447091-276,571918184-276,-0.6427801779104715
252,453447091-276,209201965-276,-0.6979944765286737
253,453447091-276,610390317-276,-0.6999622078570149
254,453447091-276,2157468264-276,-0.6999689232645786
255,453447091-276,985186916-276,0.005214945856353959
256,453447091-276,253034482-276,-0.13881788896154523
257,453447091-276,713100161-276,-0.6999639962014674
258,453447091-276,444643759-276,-0.6986105824466677
259,453447091-276,649244098-276,-0.699686355451875
260,453447091-276,564022170-276,-0.6859759032027174
261,453447091-276,224556024-276,-0.5768241326674541
262,453447091-276,454408250-276,-0.6999977309807347
263,453447091-276,759065146-276,-0.6999660307859203
264,453447091-276,809681211-276,-0.6999983285904533
265,453447091-276,1403258482-276,-0.6988352955364607
266,453447091-276,902723613-276,-0.6999185497208212
267,453447091-276,685510731-276,-0.6188015381884139
268,453447091-276,462799546-276,-0.6999968995195621
269,453447091-276,2068427086-276,-0.6987895128011858
270,453447091-276,1305687480-276,-0.6995037788358162
271,453447091-276,638800383-276,-0.6988226074793059
272,453447091-276,638800383-276,-0.6999482742120119
273,1480168165-276,5054919381-276,-0.6956068521906171
274,1480168165-276,5054207554-276,-0.6893176280898502
275,1480168165-276,665592882-276,-0.6999997259074333
276,1480168165-276,962786054-276,-0.6991407982100983
277,1480168165-276,616074177-276,-0.6999942442880589
278,1480168165-276,443587859-276,-0.6974820583589523
279,1480168165-276,453447091-276,-0.6994046818213
280,1480168165-276,579558414-276,-0.6750251760539474
281,1480168165-276,693670239-276,-0.6951347655051849
282,1480168165-276,873021130-276,-0.15095654169727135
283,1480168165-276,620608873-276,-0.699215313067089
284,1480168165-276,179489451-276,-0.6999422418166874
285,1480168165-276,549377034-276,-0.5083467869205434
286,1480168165-276,265591755-276,-0.06979288789424143
287,1480168165-276,1907318737-276,-0.5261723821065241
288,1480168165-276,352285146-276,-0.6297723385350329
289,1480168165-276,303227559-276,-0.4296224665361079
290,1480168165-276,571918184-276,-0.6842814935859912
291,1480168165-276,209201965-276,-0.6999654618950526
292,1480168165-276,610390317-276,-0.26586292737220185
293,1480168165-276,2157468264-276,0.27853713030134597
294,1480168165-276,985186916-276,-0.6259071309620761
295,1480168165-276,253034482-276,-0.6964627276246618
296,1480168165-276,713100161-276,-0.6999846124470284
297,1480168165-276,444643759-276,-0.6999991834790594
298,1480168165-276,649244098-276,-0.13001219867962466
299,1480168165-276,564022170-276,-0.2705946649238179
300,1480168165-276,224556024-276,-0.6931084540308936
301,1480168165-276,454408250-276,-0.6999897470254437
302,1480168165-276,759065146-276,-0.6999459256496509
303,1480168165-276,809681211-276,-0.11187487102551608
304,1480168165-276,1403258482-276,-0.6908354039860903
305,1480168165-276,902723613-276,-0.3146691203579862
306,1480168165-276,685510731-276,-0.05524226091655027
307,1480168165-276,462799546-276,-0.6928955254343141
308,1480168165-276,2068427086-276,0.29714994470374134
309,1480168165-276,1305687480-276,-0.6999192938225688
310,1480168165-276,638800383-276,-0.6990786347843689
311,1480168165-276,638800383-276,-0.699986762237953
312,579558414-276,5054919381-276,-0.6999905038863372
313,579558414-276,5054207554-276,-0.699928340523237
314,579558414-276,665592882-276,-0.6999958897185813
315,579558414-276,962786054-276,-0.6999965367575617
316,579558414-276,616074177-276,-0.6999915990210058
317,579558414-276,443587859-276,-0.6999018911181011
318,579558414-276,453447091-276,-0.6858845398171367
319,579558414-276,1480168165-276,-0.6686278494242767
320,579558414-276,693670239-276,0.12319116273522368
321,579558414-276,873021130-276,-0.699924987004158
322,579558414-276,620608873-276,-0.6765031426026551
323,579558414-276,179489451-276,-0.6483429026394181
324,579558414-276,549377034-276,-0.6987822717801542
325,579558414-276,265591755-276,-0.6999590348284466
326,579558414-276,1907318737-276,-0.6892598709392466
327,579558414-276,352285146-276,-0.6995966139330533
328,579558414-276,303227559-276,0.2539664646945673
329,579558414-276,571918184-276,-0.5568596444317632
330,579558414-276,209201965-276,-0.6999606901087054
331,579558414-276,610390317-276,-0.6903848328458051
332,579558414-276,2157468264-276,-0.6938264476210365
333,579558414-276,985186916-276,-0.08293986562369382
334,579558414-276,253034482-276,-0.6726646473488492
335,579558414-276,713100161-276,-0.6999922543758088
336,579558414-276,444643759-276,-0.6999113542989743
337,579558414-276,649244098-276,-0.6997800185394302
338,579558414-276,564022170-276,-0.6981300370331921
339,579558414-276,224556024-276,-0.6962985720136821
340,579558414-276,454408250-276,-0.6999968760522054
341,579558414-276,759065146-276,-0.6997725521016419
342,579558414-276,809681211-276,-0.6942244017267931
343,579558414-276,1403258482-276,-0.6971256073282738
344,579558414-276,902723613-276,-0.6992741651629846
345,579558414-276,685510731-276,-0.5677215892173366
346,579558414-276,462799546-276,-0.6994151532457055
347,579558414-276,2068427086-276,-0.6239072548640805
348,579558414-276,1305687480-276,-0.6999651665017109
349,579558414-276,638800383-276,-0.699412502379165
350,579558414-276,638800383-276,-0.6999508341569829
351,693670239-276,5054919381-276,-0.6999617929608661
352,693670239-276,5054207554-276,-0.6999502527307458
353,693670239-276,665592882-276,-0.6999997909221634
354,693670239-276,962786054-276,-0.6999987831053502
355,693670239-276,616074177-276,-0.6999985926385289
356,693670239-276,443587859-276,-0.6999423251362084
357,693670239-276,453447091-276,-0.5077730697849443
358,693670239-276,1480168165-276,-0.6966480862960387
359,693670239-276,579558414-276,-0.13777491530929042
360,693670239-276,873021130-276,-0.6965375566917736
361,693670239-276,620608873-276,0.10844318236536243
362,693670239-276,179489451-276,-0.6912711744149601
363,693670239-276,549377034-276,-0.6997702600725847
364,693670239-276,265591755-276,-0.6999644167900766
365,693670239-276,1907318737-276,-0.6989201586977516
366,693670239-276,352285146-276,-0.6967819177344581
367,693670239-276,303227559-276,-0.4362544607512506
368,693670239-276,571918184-276,-0.6964506154030864
369,693670239-276,209201965-276,-0.6999934877539955
370,693670239-276,610390317-276,-0.699060670106865
371,693670239-276,2157468264-276,-0.6971201589132103
372,693670239-276,985186916-276,-0.6334147866296476
373,693670239-276,253034482-276,-0.6993769818474244
374,693670239-276,713100161-276,-0.6999977632139676
375,693670239-276,444643759-276,-0.6999805401287377
376,693670239-276,649244098-276,-0.6985080538451037
377,693670239-276,564022170-276,-0.6983589088172001
378,693670239-276,224556024-276,0.17171394009385388
379,693670239-276,454408250-276,-0.6999985770799213
380,693670239-276,759065146-276,-0.699993849665992
381,693670239-276,809681211-276,-0.699560972185637
382,693670239-276,1403258482-276,-0.6988539323653602
383,693670239-276,902723613-276,-0.6999348290835493
384,693670239-276,685510731-276,-0.6931245853320648
385,693670239-276,462799546-276,-0.6968262678054491
386,693670239-276,2068427086-276,-0.6968566832071188
387,693670239-276,1305687480-276,-0.6999756155161476
388,693670239-276,638800383-276,-0.6991572192912766
389,693670239-276,638800383-276,-0.699921548534401
390,873021130-276,5054919381-276,-0.6998244509005674
391,873021130-276,5054207554-276,-0.6998927718619476
392,873021130-276,665592882-276,-0.6999973879328537
393,873021130-276,962786054-276,-0.10532935869997195
394,873021130-276,616074177-276,-0.6999688188577834
395,873021130-276,443587859-276,-0.6936588659500086
396,873021130-276,453447091-276,-0.6948842239857425
397,873021130-276,1480168165-276,-0.11803044171453203
398,873021130-276,579558414-276,-0.6999260002959017
399,873021130-276,693670239-276,-0.6975825620969559
400,873021130-276,620608873-276,-0.6872884550620396
401,873021130-276,179489451-276,-0.6999906382429398
402,873021130-276,549377034-276,-0.015065742413272964
403,873021130-276,265591755-276,-0.6944852954574162
404,873021130-276,1907318737-276,-0.00033446975240147836
405,873021130-276,352285146-276,-0.6649830571765093
406,873021130-276,303227559-276,-0.6566421252055542
407,873021130-276,571918184-276,-0.6837145193971578
408,873021130-276,209201965-276,-0.6997446524049689
409,873021130-276,610390317-276,-0.5290890152892197
410,873021130-276,2157468264-276,0.021554754554876432
411,873021130-276,985186916-276,-0.6912099976388081
412,873021130-276,253034482-276,-0.6937278661086391
413,873021130-276,713100161-276,-0.6999276946337526
414,873021130-276,444643759-276,-0.6999977985549202
415,873021130-276,649244098-276,-0.3231295667367643
416,873021130-276,564022170-276,0.2928947690366851
417,873021130-276,224556024-276,-0.6984272649820664
418,873021130-276,454408250-276,-0.6999834855300288
419,873021130-276,759065146-276,-0.699998249407679
420,873021130-276,809681211-276,0.07502509435847926
421,873021130-276,1403258482-276,-0.699982510489957
422,873021130-276,902723613-276,0.051393995374838686
423,873021130-276,685510731-276,-0.5210196985237541
424,873021130-276,462799546-276,-0.6938182856605952
425,873021130-276,2068427086-276,-0.12902279697517383
426,873021130-276,1305687480-276,-0.6999500762099684
427,873021130-276,638800383-276,-0.620977416191152
428,873021130-276,638800383-276,-0.6987974886362173
429,620608873-276,5054919381-276,-0.6999982070316159
430,620608873-276,5054207554-276,-0.6999794814344912
431,620608873-276,665592882-276,-0.6999983013385552
432,620608873-276,962786054-276,-0.6999986631812108
433,620608873-276,616074177-276,-0.6999978569870985
434,620608873-276,443587859-276,-0.6875923334413745
435,620608873-276,453447091-276,-0.6913432471660181
436,620608873-276,1480168165-276,-0.6997003702844437
437,620608873-276,579558414-276,-0.682030982653145
438,620608873-276,693670239-276,0.07243003156323091
439,620608873-276,873021130-276,-0.6811654321519176
440,620608873-276,179489451-276,-0.6967234595155175
441,620608873-276,549377034-276,-0.6999750453137739
442,620608873-276,265591755-276,-0.698043485151013
443,620608873-276,1907318737-276,-0.6994392205777595
444,620608873-276,352285146-276,-0.6991625054923429
445,620608873-276,303227559-276,-0.6999805645075078
446,620608873-276,571918184-276,-0.6999832336552738
447,620608873-276,209201965-276,-0.6998511052262211
448,620608873-276,610390317-276,-0.6995640559217234
449,620608873-276,2157468264-276,-0.6978058762681534
450,620608873-276,985186916-276,-0.6999372290671114
451,620608873-276,253034482-276,-0.6999831907650151
452,620608873-276,713100161-276,-0.699995547505779
453,620608873-276,444643759-276,-0.6999415458919034
454,620608873-276,649244098-276,-0.6951293623932543
455,620608873-276,564022170-276,-0.6998066914807926
456,620608873-276,224556024-276,-0.36481371981940236
457,620608873-276,454408250-276,-0.6999958421674675
458,620608873-276,759065146-276,-0.6999798907841486
459,620608873-276,809681211-276,-0.6999350592951938
460,620608873-276,1403258482-276,-0.6994617243964864
461,620608873-276,902723613-276,-0.6981099195472653
462,620608873-276,685510731-276,-0.6999762223660283
463,620608873-276,462799546-276,-0.6996133236384616
464,620608873-276,2068427086-276,-0.6993378586272614
465,620608873-276,1305687480-276,-0.6999737202165427
466,620608873-276,638800383-276,-0.6979926289403844
467,620608873-276,638800383-276,-0.6997310285561974
468,179489451-276,5054919381-276,-0.6999998851754111
469,179489451-276,5054207554-276,-0.6999974359984199
470,179489451-276,665592882-276,-0.6999999447044336
471,179489451-276,962786054-276,-0.6999999724183825
472,179489451-276,616074177-276,-0.6999972819820304
473,179489451-276,443587859-276,-0.6991897609594526
474,179489451-276,453447091-276,-0.4719218130980785
475,179489451-276,1480168165-276,-0.6999554484903036
476,179489451-276,579558414-276,-0.6227634667012472
477,179489451-276,693670239-276,-0.6913092020813585
478,179489451-276,873021130-276,-0.6999826477750313
479,179489451-276,620608873-276,-0.6971868212490708
480,179489451-276,549377034-276,-0.6998869362565427
481,179489451-276,265591755-276,-0.699996015636138
482,179489451-276,1907318737-276,-0.6990477262793638
483,179489451-276,352285146-276,-0.69999329570266
484,179489451-276,303227559-276,-0.6906882141939406
485,179489451-276,571918184-276,-0.6998079549382065
486,179489451-276,209201965-276,-0.699997867869065
487,179489451-276,610390317-276,-0.6994001202759165
488,179489451-276,2157468264-276,-0.6831722829092138
489,179489451-276,985186916-276,-0.3478215361064325
490,179489451-276,253034482-276,-0.6996666633565592
491,179489451-276,713100161-276,-0.6999974780705828
492,179489451-276,444643759-276,0.2882120718471738
493,179489451-276,649244098-276,-0.6977426375052417
494,179489451-276,564022170-276,-0.6997135569025094
495,179489451-276,224556024-276,-0.6502291211602282
496,179489451-276,454408250-276,-0.6999992938511018
497,179489451-276,759065146-276,0.2563668610191181
498,179489451-276,809681211-276,-0.6999970750864319
499,179489451-276,1403258482-276,-0.6970288067793514
500,179489451-276,902723613-276,-0.6962123440016389
501,179489451-276,685510731-276,-0.6995413194236528
502,179489451-276,462799546-276,-0.6999886739729234
503,179489451-276,2068427086-276,-0.6995052335846075
504,179489451-276,1305687480-276,-0.6999948252225298
505,179489451-276,638800383-276,-0.6993709750079653
506,179489451-276,638800383-276,-0.6999910287336109
507,549377034-276,5054919381-276,-0.699989919505986
508,549377034-276,5054207554-276,-0.6999424323158114
509,549377034-276,665592882-276,-0.699999848804503
510,549377034-276,962786054-276,-0.681007786737827
511,549377034-276,616074177-276,-0.6999998404894633
512,549377034-276,443587859-276,-0.69977831983065
513,549377034-276,453447091-276,-0.6967747989198645
514,549377034-276,1480168165-276,-0.49869258694190155
515,549377034-276,579558414-276,-0.6992540039814892
516,549377034-276,693670239-276,-0.6996806729792778
517,549377034-276,873021130-276,-0.052412095970173045
518,549377034-276,620608873-276,-0.6999271596283865
519,549377034-276,179489451-276,-0.6999298962415166
520,549377034-276,265591755-276,-0.6966846198033763
521,549377034-276,1907318737-276,-0.43453477459268874
522,549377034-276,352285146-276,-0.6991953625238619
523,549377034-276,303227559-276,-0.6364310504429277
524,549377034-276,571918184-276,-0.6967408502195508
525,549377034-276,209201965-276,-0.6999547137702108
526,549377034-276,610390317-276,-0.6438448655308014
527,549377034-276,2157468264-276,-0.22479561374298196
528,549377034-276,985186916-276,-0.6945400206951271
529,549377034-276,253034482-276,-0.6976443844088154
530,549377034-276,713100161-276,-0.6999991978640633
531,549377034-276,444643759-276,-0.6999997802196878
532,549377034-276,649244098-276,-0.6325087944824634
533,549377034-276,564022170-276,0.2868928335758586
534,549377034-276,224556024-276,-0.6941393160092231
535,549377034-276,454408250-276,-0.6999985892937832
536,549377034-276,759065146-276,-0.6999989373532859
537,549377034-276,809681211-276,0.16699180703442207
538,549377034-276,1403258482-276,-0.08997130343476889
539,549377034-276,902723613-276,-0.46926176037829764
540,549377034-276,685510731-276,-0.6013574707905069
541,549377034-276,462799546-276,-0.6999471562663029
542,549377034-276,2068427086-276,-0.4812256728764758
543,549377034-276,1305687480-276,-0.6999946217141196
544,549377034-276,638800383-276,-0.6105601143423474
545,549377034-276,638800383-276,-0.6997386063511135
546,265591755-276,5054919381-276,-0.6874430216264849
547,265591755-276,5054207554-276,-0.5673482721744496
548,265591755-276,665592882-276,-0.6999995124844706
549,265591755-276,962786054-276,-0.6999982421763514
550,265591755-276,616074177-276,-0.6997748050386874
551,265591755-276,443587859-276,-0.6982783914395656
552,265591755-276,453447091-276,-0.6990167300941268
553,265591755-276,1480168165-276,-0.13173619698654448
554,265591755-276,579558414-276,-0.699990519817745
555,265591755-276,693670239-276,-0.6999686954559671
556,265591755-276,873021130-276,-0.6907461055819221
557,265591755-276,620608873-276,-0.6983455276919431
558,265591755-276,179489451-276,-0.6999894760614466
559,265591755-276,549377034-276,-0.6983971070586172
560,265591755-276,1907318737-276,-0.6868318461666925
561,265591755-276,352285146-276,-0.6794246020993033
562,265591755-276,303227559-276,-0.699440895224609
563,265591755-276,571918184-276,-0.6999991042900412
564,265591755-276,209201965-276,-0.6995322398479156
565,265591755-276,610390317-276,-0.6747359806093921
566,265591755-276,2157468264-276,-0.2716557340779798
567,265591755-276,985186916-276,-0.6999397397914954
568,265591755-276,253034482-276,-0.6999833866428479
569,265591755-276,713100161-276,-0.6930477404684181
570,265591755-276,444643759-276,-0.6997549159647878
571,265591755-276,649244098-276,-0.5152071865216865
572,265591755-276,564022170-276,-0.6994358759934154
573,265591755-276,224556024-276,-0.6997764089849601
574,265591755-276,454408250-276,-0.6986913797204692
575,265591755-276,759065146-276,-0.6999292957024584
576,265591755-276,809681211-276,-0.6900948720686759
577,265591755-276,1403258482-276,-0.38029468213318707
578,265591755-276,902723613-276,-0.38606334067018777
579,265591755-276,685510731-276,-0.6860007938247236
580,265591755-276,462799546-276,-0.6588666411590851
581,265591755-276,2068427086-276,-0.04096931782433977
582,265591755-276,1305687480-276,-0.6979444121302569
583,265591755-276,638800383-276,-0.698499948609884
584,265591755-276,638800383-276,-0.6999965141701128
585,1907318737-276,5054919381-276,-0.6999928987141159
586,1907318737-276,5054207554-276,-0.6998372573337983
587,1907318737-276,665592882-276,-0.699998914939768
588,1907318737-276,962786054-276,-0.6947275081671863
589,1907318737-276,616074177-276,-0.6999994092545582
590,1907318737-276,443587859-276,-0.6873370695002404
591,1907318737-276,453447091-276,-0.6577213108196206
592,1907318737-276,1480168165-276,-0.531952440940099
593,1907318737-276,579558414-276,-0.6938080648022792
594,1907318737-276,693670239-276,-0.6989101687461907
595,1907318737-276,873021130-276,0.0324314704000801
596,1907318737-276,620608873-276,-0.6988311025847136
597,1907318737-276,179489451-276,-0.6989006149768179
598,1907318737-276,549377034-276,-0.34788249209267963
599,1907318737-276,265591755-276,-0.6858259627966042
600,1907318737-276,352285146-276,-0.6970000707919625
601,1907318737-276,303227559-276,-0.5810286852925041
602,1907318737-276,571918184-276,-0.6842376684189928
603,1907318737-276,209201965-276,-0.699833031768291
604,1907318737-276,610390317-276,-0.6497664445611838
605,1907318737-276,2157468264-276,-0.17858592753301017
606,1907318737-276,985186916-276,-0.4458237722848989
607,1907318737-276,253034482-276,-0.6844788721800977
608,1907318737-276,713100161-276,-0.6999983204463557
609,1907318737-276,444643759-276,-0.6999994245324422
610,1907318737-276,649244098-276,-0.5452345807919676
611,1907318737-276,564022170-276,-0.2360924755935775
612,1907318737-276,224556024-276,-0.60526049757774
613,1907318737-276,454408250-276,-0.6999921848688424
614,1907318737-276,759065146-276,-0.6999904183072335
615,1907318737-276,809681211-276,-0.2358373789572194
616,1907318737-276,1403258482-276,-0.6857825718607204
617,1907318737-276,902723613-276,-0.022962439930104717
618,1907318737-276,685510731-276,-0.5719577986383462
619,1907318737-276,462799546-276,-0.690201706318319
620,1907318737-276,2068427086-276,-0.4689638591644141
621,1907318737-276,1305687480-276,-0.6999426326030428
622,1907318737-276,638800383-276,0.16970197068078152
623,1907318737-276,638800383-276,-0.6780932086332867
624,352285146-276,5054919381-276,-0.6986967141127408
625,352285146-276,5054207554-276,-0.6992267695942792
626,352285146-276,665592882-276,-0.6999996792524759
627,352285146-276,962786054-276,-0.6999969757364392
628,352285146-276,616074177-276,-0.6999998331182172
629,352285146-276,443587859-276,-0.6989934017682962
630,352285146-276,453447091-276,-0.6999812706275627
631,352285146-276,1480168165-276,-0.6379859970788408
632,352285146-276,579558414-276,-0.6992738397821664
633,352285146-276,693670239-276,-0.6965766000068916
634,352285146-276,873021130-276,-0.661709422015066
635,352285146-276,620608873-276,-0.6982367270962191
636,352285146-276,179489451-276,-0.6999875748774986
637,352285146-276,549377034-276,-0.6970618399183934
638,352285146-276,265591755-276,-0.6477672540576634
639,352285146-276,1907318737-276,-0.6965663787107613
640,352285146-276,303227559-276,-0.6875827767232818
641,352285146-276,571918184-276,-0.6991843189338612
642,352285146-276,209201965-276,-0.6999891801671516
643,352285146-276,610390317-276,-0.6556936504071542
644,352285146-276,2157468264-276,-0.594343329965758
645,352285146-276,985186916-276,-0.6999713873852332
646,352285146-276,253034482-276,-0.6999847436815667
647,352285146-276,713100161-276,-0.6999993147961837
648,352285146-276,444643759-276,-0.6999967207840675
649,352285146-276,649244098-276,-0.6786667369275803
650,352285146-276,564022170-276,-0.6948300388217529
651,352285146-276,224556024-276,-0.6940302919509264
652,352285146-276,454408250-276,-0.6803584168967025
653,352285146-276,759065146-276,-0.6999993414008627
654,352285146-276,809681211-276,-0.5688753118866062
655,352285146-276,1403258482-276,-0.6989835760860493
656,352285146-276,902723613-276,-0.6927003653400777
657,352285146-276,685510731-276,-0.6879928814949895
658,352285146-276,462799546-276,0.2919844699884231
659,352285146-276,2068427086-276,-0.5983641459802078
660,352285146-276,1305687480-276,-0.6999930059382422
661,352285146-276,638800383-276,-0.689824233970454
662,352285146-276,638800383-276,-0.6999959698820357
663,303227559-276,5054919381-276,-0.6986882428226389
664,303227559-276,5054207554-276,-0.6955163102868417
665,303227559-276,665592882-276,-0.6998877224572188
666,303227559-276,962786054-276,-0.699997244743538
667,303227559-276,616074177-276,-0.6999986920283787
668,303227559-276,443587859-276,-0.6984249341134329
669,303227559-276,453447091-276,-0.6625430609736892
670,303227559-276,1480168165-276,-0.3623099793604829
671,303227559-276,579558414-276,0.2615384999074273
672,303227559-276,693670239-276,-0.2746486290925883
673,303227559-276,873021130-276,-0.6459159754114612
674,303227559-276,620608873-276,-0.6999490877310577
675,303227559-276,179489451-276,-0.6727196310828583
676,303227559-276,549377034-276,-0.6010224865379917
677,303227559-276,265591755-276,-0.6989145700936185
678,303227559-276,1907318737-276,-0.5496022682623083
679,303227559-276,352285146-276,-0.689446582697385
680,303227559-276,571918184-276,-0.34662485473700777
681,303227559-276,209201965-276,-0.6954012967857558
682,303227559-276,610390317-276,-0.5601700665924065
683,303227559-276,2157468264-276,-0.5810207296176317
684,303227559-276,985186916-276,-0.0014559769026900593
685,303227559-276,253034482-276,-0.675034951376644
686,303227559-276,713100161-276,-0.6999960811190952
687,303227559-276,444643759-276,-0.6999984263968911
688,303227559-276,649244098-276,-0.49640611307318966
689,303227559-276,564022170-276,-0.5740163321672125
690,303227559-276,224556024-276,-0.6620483291283015
691,303227559-276,454408250-276,-0.6999970134836521
692,303227559-276,759065146-276,-0.6997247242649073
693,303227559-276,809681211-276,-0.5952815654384961
694,303227559-276,1403258482-276,-0.696406114233584
695,303227559-276,902723613-276,-0.6873044377068229
696,303227559-276,685510731-276,-0.15383610376555512
697,303227559-276,462799546-276,-0.6940053340265252
698,303227559-276,2068427086-276,-0.3824053833392211
699,303227559-276,1305687480-276,-0.6999647811319907
700,303227559-276,638800383-276,-0.6958222393294805
701,303227559-276,638800383-276,-0.6998969222660297
702,571918184-276,5054919381-276,-0.6999947452618192
703,571918184-276,5054207554-276,-0.6999625843784011
704,571918184-276,665592882-276,0.29568789527043815
705,571918184-276,962786054-276,-0.699998540130005
706,571918184-276,616074177-276,-0.6999996921836705
707,571918184-276,443587859-276,0.29994661736991546
708,571918184-276,453447091-276,-0.5655150988093234
709,571918184-276,1480168165-276,-0.6824387949367744
710,571918184-276,579558414-276,-0.5470066593127016
711,571918184-276,693670239-276,-0.697699115982132
712,571918184-276,873021130-276,-0.6674146891321276
713,571918184-276,620608873-276,-0.6999413870056788
714,571918184-276,179489451-276,-0.6997281049603645
715,571918184-276,549377034-276,-0.6936721083010899
716,571918184-276,265591755-276,-0.6999953326858405
717,571918184-276,1907318737-276,-0.6603585107226789
718,571918184-276,352285146-276,-0.6980234473636593
719,571918184-276,303227559-276,-0.38442841641833136
720,571918184-276,209201965-276,0.29998782811077307
721,571918184-276,610390317-276,-0.6990692843684146
722,571918184-276,2157468264-276,-0.6454004545948089
723,571918184-276,985186916-276,-0.6747817763641707
724,571918184-276,253034482-276,0.29996327050299465
725,571918184-276,713100161-276,-0.6999961176972587
726,571918184-276,444643759-276,-0.6999997639192966
727,571918184-276,649244098-276,-0.6981500000693944
728,571918184-276,564022170-276,-0.6676275833742717
729,571918184-276,224556024-276,-0.6993299108057569
730,571918184-276,454408250-276,-0.6999968922571119
731,571918184-276,759065146-276,-0.6999999112835064
732,571918184-276,809681211-276,-0.6940191067262818
733,571918184-276,1403258482-276,-0.6998078085322706
734,571918184-276,902723613-276,-0.6992205914005796
735,571918184-276,685510731-276,-0.6824299828325977
736,571918184-276,462799546-276,-0.6997379074331316
737,571918184-276,2068427086-276,-0.6878455511381285
738,571918184-276,1305687480-276,-0.6999810762837714
739,571918184-276,638800383-276,-0.699251047864352
740,571918184-276,638800383-276,-0.6999553037955484
741,209201965-276,5054919381-276,-0.6999998757098883
742,209201965-276,5054207554-276,-0.6999911819374542
743,209201965-276,665592882-276,0.29995197152718145
744,209201965-276,962786054-276,-0.6999949286193012
745,209201965-276,616074177-276,-0.6999994298610753
746,209201965-276,443587859-276,0.2999765652106563
747,209201965-276,453447091-276,-0.6986431322182023
748,209201965-276,1480168165-276,-0.6999943758475391
749,209201965-276,579558414-276,-0.6999875748915091
750,209201965-276,693670239-276,-0.6999959230315583
751,209201965-276,873021130-276,-0.6996736833720119
752,209201965-276,620608873-276,-0.6999742258426392
753,209201965-276,179489451-276,-0.6999984691483726
754,209201965-276,549377034-276,-0.699940552494165
755,209201965-276,265591755-276,-0.6996512325449866
756,209201965-276,1907318737-276,-0.6998171695735758
757,209201965-276,352285146-276,-0.699997908013586
758,209201965-276,303227559-276,-0.6977469098345245
759,209201965-276,571918184-276,0.29998593468478174
760,209201965-276,610390317-276,-0.6999944071280231
761,209201965-276,2157468264-276,-0.6994068355420578
762,209201965-276,985186916-276,-0.6999730988338839
763,209201965-276,253034482-276,0.29999067125348877
764,209201965-276,713100161-276,-0.6514353982948068
765,209201965-276,444643759-276,-0.6999998542939062
766,209201965-276,649244098-276,-0.6999829857585347
767,209201965-276,564022170-276,-0.699848040457155
768,209201965-276,224556024-276,-0.699998302835513
769,209201965-276,454408250-276,-0.6999388960997293
770,209201965-276,759065146-276,-0.6999995757019324
771,209201965-276,809681211-276,-0.6999728205102609
772,209201965-276,1403258482-276,-0.6999992536195909
773,209201965-276,902723613-276,-0.699984059966667
774,209201965-276,685510731-276,-0.6999815550317897
775,209201965-276,462799546-276,-0.6999983169338747
776,209201965-276,2068427086-276,-0.6999927929236868
777,209201965-276,1305687480-276,-0.6999485694993474
778,209201965-276,638800383-276,-0.6999979979427084
779,209201965-276,638800383-276,-0.6999984275329537
780,610390317-276,5054919381-276,-0.6990122734470424
781,610390317-276,5054207554-276,-0.6976954957011637
782,610390317-276,665592882-276,-0.6999994976958609
783,610390317-276,962786054-276,-0.6937967277911282
784,610390317-276,616074177-276,-0.6999997325799044
785,610390317-276,443587859-276,-0.6996746083423303
786,610390317-276,453447091-276,-0.699938782672442
787,610390317-276,1480168165-276,-0.274301139838332
788,610390317-276,579558414-276,-0.6975309942359125
789,610390317-276,693670239-276,-0.6990986884818114
790,610390317-276,873021130-276,-0.5520698662193699
791,610390317-276,620608873-276,-0.6991052611405519
792,610390317-276,179489451-276,-0.6999865489469977
793,610390317-276,549377034-276,-0.6367905197270338
794,610390317-276,265591755-276,-0.661076310342598
795,610390317-276,1907318737-276,-0.6306066014389785
796,610390317-276,352285146-276,-0.6535409505852987
797,610390317-276,303227559-276,-0.5783352325630932
798,610390317-276,571918184-276,-0.6994546742256249
799,610390317-276,209201965-276,-0.6999860112834899
800,610390317-276,2157468264-276,-0.0676386283017929
801,610390317-276,985186916-276,-0.6996858241454927
802,610390317-276,253034482-276,-0.6999747227394403
803,610390317-276,713100161-276,-0.699999271529077
804,610390317-276,444643759-276,-0.6999989410438703
805,610390317-276,649244098-276,0.16551804118698132
806,610390317-276,564022170-276,-0.6037491796037867
807,610390317-276,224556024-276,-0.68773148076765
808,610390317-276,454408250-276,-0.699995749812756
809,610390317-276,759065146-276,-0.69999977478586
810,610390317-276,809681211-276,-0.3769035381512166
811,610390317-276,1403258482-276,-0.5843334402576233
812,610390317-276,902723613-276,-0.5748288261774367
813,610390317-276,685510731-276,-0.06734008977896977
814,610390317-276,462799546-276,-0.6947369811704198
815,610390317-276,2068427086-276,0.034330344389802314
816,610390317-276,1305687480-276,-0.6999889310334424
817,610390317-276,638800383-276,-0.6975146491474967
818,610390317-276,638800383-276,-0.699860478785847
819,2157468264-276,5054919381-276,-0.6997520712129465
820,2157468264-276,5054207554-276,-0.6884389097793876
821,2157468264-276,665592882-276,-0.6999935334667393
822,2157468264-276,962786054-276,-0.6991833688839767
823,2157468264-276,616074177-276,-0.6999682490922771
824,2157468264-276,443587859-276,-0.6656728761055185
825,2157468264-276,453447091-276,-0.6999430535831394
826,2157468264-276,1480168165-276,0.2675365436076632
827,2157468264-276,579558414-276,-0.6911371081935683
828,2157468264-276,693670239-276,-0.6953673883484637
829,2157468264-276,873021130-276,-0.05699568073806416
830,2157468264-276,620608873-276,-0.6940766146110724
831,2157468264-276,179489451-276,-0.6995340451182508
832,2157468264-276,549377034-276,-0.2620652443003516
833,2157468264-276,265591755-276,-0.275634275532333
834,2157468264-276,1907318737-276,-0.16049693967813594
835,2157468264-276,352285146-276,-0.6272730001310397
836,2157468264-276,303227559-276,-0.6209678682790006
837,2157468264-276,571918184-276,-0.6305088448034923
838,2157468264-276,209201965-276,-0.6990111266927848
839,2157468264-276,610390317-276,-0.1392270491580101
840,2157468264-276,985186916-276,-0.6994936107521234
841,2157468264-276,253034482-276,-0.6759923213781064
842,2157468264-276,713100161-276,-0.6998883853768664
843,2157468264-276,444643759-276,-0.6998528691579138
844,2157468264-276,649244098-276,-0.2950523481237034
845,2157468264-276,564022170-276,-0.29555095120536296
846,2157468264-276,224556024-276,-0.608781320649364
847,2157468264-276,454408250-276,-0.6992147660901413
848,2157468264-276,759065146-276,-0.6979125743741342
849,2157468264-276,809681211-276,0.1416301804221739
850,2157468264-276,1403258482-276,-0.6853928546820538
851,2157468264-276,902723613-276,0.07504661609502372
852,2157468264-276,685510731-276,-0.41650057774212706
853,2157468264-276,462799546-276,-0.6571310442146558
854,2157468264-276,2068427086-276,0.2724628005349381
855,2157468264-276,1305687480-276,-0.6995082188702275
856,2157468264-276,638800383-276,-0.6672393467983644
857,2157468264-276,638800383-276,-0.6995598412330712
858,985186916-276,5054919381-276,-0.6999816939552417
859,985186916-276,5054207554-276,-0.6999088603539727
860,985186916-276,665592882-276,-0.6999754409615576
861,985186916-276,962786054-276,-0.69999194927525
862,985186916-276,616074177-276,-0.6999736562089206
863,985186916-276,443587859-276,-0.6999036577596491
864,985186916-276,453447091-276,0.07280950263452335
865,985186916-276,1480168165-276,-0.6646146185555899
866,985186916-276,579558414-276,-0.35783944074191365
867,985186916-276,693670239-276,-0.6473562349113825
868,985186916-276,873021130-276,-0.6955110000295213
869,985186916-276,620608873-276,-0.6999826187585519
870,985186916-276,179489451-276,-0.5035998859972679
871,985186916-276,549377034-276,-0.698268104705956
872,985186916-276,265591755-276,-0.6999406334728435
873,985186916-276,1907318737-276,-0.4650108606887495
874,985186916-276,352285146-276,-0.6999920921100782
875,985186916-276,303227559-276,0.01466590334250617
876,985186916-276,571918184-276,-0.6901433144623794
877,985186916-276,209201965-276,-0.699820108827943
878,985186916-276,610390317-276,-0.6998639360846167
879,985186916-276,2157468264-276,-0.6996043721280487
880,985186916-276,253034482-276,-0.6060906506800816
881,985186916-276,713100161-276,-0.6999869789106088
882,985186916-276,444643759-276,-0.6999672037617675
883,985186916-276,649244098-276,-0.6997236261204969
884,985186916-276,564022170-276,-0.6910286538420629
885,985186916-276,224556024-276,-0.6696480972955908
886,985186916-276,454408250-276,-0.6999982489051043
887,985186916-276,759065146-276,-0.6993493944438559
888,985186916-276,809681211-276,-0.6999760254456607
889,985186916-276,1403258482-276,-0.6993077088848212
890,985186916-276,902723613-276,-0.6903435852728
891,985186916-276,685510731-276,-0.6709971150913753
892,985186916-276,462799546-276,-0.6999979861071282
893,985186916-276,2068427086-276,-0.657553580735328
894,985186916-276,1305687480-276,-0.6999215014747918
895,985186916-276,638800383-276,-0.6991248888763599
896,985186916-276,638800383-276,-0.6999827891980714
897,253034482-276,5054919381-276,-0.6999136178360469
898,253034482-276,5054207554-276,-0.699960827184915
899,253034482-276,665592882-276,0.29954088006121327
900,253034482-276,962786054-276,-0.6999873985379844
901,253034482-276,616074177-276,-0.699998497508511
902,253034482-276,443587859-276,0.29999011935866293
903,253034482-276,453447091-276,-0.006208129381934158
904,253034482-276,1480168165-276,-0.6982356573771311
905,253034482-276,579558414-276,-0.6638637710936959
906,253034482-276,693670239-276,-0.697921791959362
907,253034482-276,873021130-276,-0.6951280637630519
908,253034482-276,620608873-276,-0.6999597812305252
909,253034482-276,179489451-276,-0.6989875582862801
910,253034482-276,549377034-276,-0.6972151388845272
911,253034482-276,265591755-276,-0.6999784549855805
912,253034482-276,1907318737-276,-0.6789611422671934
913,253034482-276,352285146-276,-0.6999918660472298
914,253034482-276,303227559-276,-0.6720706586266155
915,253034482-276,571918184-276,0.29996095810958856
916,253034482-276,209201965-276,0.29999264896552236
917,253034482-276,610390317-276,-0.6999678885073289
918,253034482-276,2157468264-276,-0.6906004989052605
919,253034482-276,985186916-276,-0.6297173216812317
920,253034482-276,713100161-276,-0.6999921557709731
921,253034482-276,444643759-276,-0.6999996628564875
922,253034482-276,649244098-276,-0.6999121553833193
923,253034482-276,564022170-276,-0.6865287103293243
924,253034482-276,224556024-276,-0.6988151708480658
925,253034482-276,454408250-276,-0.699967447677507
926,253034482-276,759065146-276,-0.6999996508078283
927,253034482-276,809681211-276,-0.6998596357752419
928,253034482-276,1403258482-276,-0.6987614515425257
929,253034482-276,902723613-276,-0.6997968811873273
930,253034482-276,685510731-276,-0.6946441106620465
931,253034482-276,462799546-276,-0.6999956775903314
932,253034482-276,2068427086-276,-0.6979792324073355
933,253034482-276,1305687480-276,-0.6992728622599996
934,253034482-276,638800383-276,-0.6947836690955477
935,253034482-276,638800383-276,-0.6995048552059988
936,713100161-276,5054919381-276,-0.6999998714171608
937,713100161-276,5054207554-276,-0.6999988249312058
938,713100161-276,665592882-276,-0.6999999773799286
939,713100161-276,962786054-276,-0.6999998817552108
940,713100161-276,616074177-276,0.29995958233488773
941,713100161-276,443587859-276,-0.6999981409188043
942,713100161-276,453447091-276,-0.6999882198583351
943,713100161-276,1480168165-276,-0.6999957130273172
944,713100161-276,579558414-276,-0.699998581690251
945,713100161-276,693670239-276,-0.6999991881394119
946,713100161-276,873021130-276,-0.6999897003836975
947,713100161-276,620608873-276,-0.6999974293968774
948,713100161-276,179489451-276,-0.6999994657030535
949,713100161-276,549377034-276,-0.699999776697329
950,713100161-276,265591755-276,-0.697698027526036
951,713100161-276,1907318737-276,-0.6999993372138226
952,713100161-276,352285146-276,-0.6999998115391696
953,713100161-276,303227559-276,-0.6999986567984602
954,713100161-276,571918184-276,-0.699999885472666
955,713100161-276,209201965-276,-0.6937270799585484
956,713100161-276,610390317-276,-0.6999998139252009
957,713100161-276,2157468264-276,-0.6999460177053127
958,713100161-276,985186916-276,-0.6999893253961769
959,713100161-276,253034482-276,-0.6999997092392216
960,713100161-276,444643759-276,-0.6999985325556679
961,713100161-276,649244098-276,-0.6999998987071308
962,713100161-276,564022170-276,-0.6999997768627162
963,713100161-276,224556024-276,-0.6999985332831068
964,713100161-276,454408250-276,-0.6999802096555635
965,713100161-276,759065146-276,-0.6998902272092391
966,713100161-276,809681211-276,-0.6999999171215636
967,713100161-276,1403258482-276,-0.6999995103591296
968,713100161-276,902723613-276,-0.6998477350823563
969,713100161-276,685510731-276,-0.6999999422136155
970,713100161-276,462799546-276,-0.6999996447959662
971,713100161-276,2068427086-276,-0.6999905252086451
972,713100161-276,1305687480-276,0.29933033790190255
973,713100161-276,638800383-276,-0.6999998054922177
974,713100161-276,638800383-276,-0.6999997994231395
975,444643759-276,5054919381-276,-0.6999999322057371
976,444643759-276,5054207554-276,-0.6999994235963323
977,444643759-276,665592882-276,-0.6999999945354304
978,444643759-276,962786054-276,-0.6999999935586442
979,444643759-276,616074177-276,-0.6999991459646538
980,444643759-276,443587859-276,-0.6999906185677379
981,444643759-276,453447091-276,-0.6998879686750953
982,444643759-276,1480168165-276,-0.6999997473302981
983,444643759-276,579558414-276,-0.699996878626648
984,444643759-276,693670239-276,-0.6999971211267239
985,444643759-276,873021130-276,-0.6999984762095997
986,444643759-276,620608873-276,-0.6999877743237488
987,444643759-276,179489451-276,0.28839758354402256
988,444643759-276,549377034-276,-0.6999999556710863
989,444643759-276,265591755-276,-0.6999405725048695
990,444643759-276,1907318737-276,-0.6999998770123428
991,444643759-276,352285146-276,-0.6999998895956816
992,444643759-276,303227559-276,-0.6999996065239383
993,444643759-276,571918184-276,-0.6999999893264753
994,444643759-276,209201965-276,-0.6999993678888904
995,444643759-276,610390317-276,-0.6999997181805756
996,444643759-276,2157468264-276,-0.6998980744679049
997,444643759-276,985186916-276,-0.6999976670215284
998,444643759-276,253034482-276,-0.6999999430903932
999,444643759-276,713100161-276,-0.6999984393200531
1000,444643759-276,649244098-276,-0.6999982728960759
1001,444643759-276,564022170-276,-0.6999997113801022
1002,444643759-276,224556024-276,-0.6999800426295761
1003,444643759-276,454408250-276,-0.6999999262272004
1004,444643759-276,759065146-276,0.2995493593851105
1005,444643759-276,809681211-276,-0.6999999907326869
1006,444643759-276,1403258482-276,-0.6999902244126966
1007,444643759-276,902723613-276,-0.6955808839590768
1008,444643759-276,685510731-276,-0.6999999644695037
1009,444643759-276,462799546-276,-0.6999996903049782
1010,444643759-276,2068427086-276,-0.6999982316589496
1011,444643759-276,1305687480-276,-0.6999991743415825
1012,444643759-276,638800383-276,-0.6999998187114835
1013,444643759-276,638800383-276,-0.6999999510882838
1014,649244098-276,5054919381-276,-0.6994756178784871
1015,649244098-276,5054207554-276,-0.6970972024582097
1016,649244098-276,665592882-276,-0.6999992480585683
1017,649244098-276,962786054-276,-0.6871490649670929
1018,649244098-276,616074177-276,-0.6999997605368307
1019,649244098-276,443587859-276,-0.6992462435211864
1020,649244098-276,453447091-276,-0.6996727616545614
1021,649244098-276,1480168165-276,-0.19397753236743087
1022,649244098-276,579558414-276,-0.6999152268684554
1023,649244098-276,693670239-276,-0.6981256766280938
1024,649244098-276,873021130-276,-0.3139078196476175
1025,649244098-276,620608873-276,-0.6956406892833531
1026,649244098-276,179489451-276,-0.6999882020988133
1027,649244098-276,549377034-276,-0.6334053489224072
1028,649244098-276,265591755-276,-0.5018530747719727
1029,649244098-276,1907318737-276,-0.5369562134424337
1030,649244098-276,352285146-276,-0.6663151699165089
1031,649244098-276,303227559-276,-0.5773533848470721
1032,649244098-276,571918184-276,-0.699388429146795
1033,649244098-276,209201965-276,-0.6999626132614973
1034,649244098-276,610390317-276,0.15092599170870824
1035,649244098-276,2157468264-276,-0.2962338531339819
1036,649244098-276,985186916-276,-0.6994730107935053
1037,649244098-276,253034482-276,-0.6999153917148726
1038,649244098-276,713100161-276,-0.6999991639454435
1039,649244098-276,444643759-276,-0.6999973909868678
1040,649244098-276,564022170-276,-0.5443451137469244
1041,649244098-276,224556024-276,-0.6981595620214154
1042,649244098-276,454408250-276,-0.6999957310122817
1043,649244098-276,759065146-276,-0.6999998812255599
1044,649244098-276,809681211-276,-0.5389142872618526
1045,649244098-276,1403258482-276,-0.6577057003063923
1046,649244098-276,902723613-276,-0.5437550417871877
1047,649244098-276,685510731-276,0.27927483205229076
1048,649244098-276,462799546-276,-0.6982415042309229
1049,649244098-276,2068427086-276,-0.18728738311082882
1050,649244098-276,1305687480-276,-0.6999924786487199
1051,649244098-276,638800383-276,-0.6975278565114688
1052,649244098-276,638800383-276,-0.6998024556683882
1053,564022170-276,5054919381-276,-0.6999485191336587
1054,564022170-276,5054207554-276,-0.6998283984139224
1055,564022170-276,665592882-276,-0.6999992597892081
1056,564022170-276,962786054-276,-0.5052414228864076
1057,564022170-276,616074177-276,-0.699999646838897
1058,564022170-276,443587859-276,-0.698771994496333
1059,564022170-276,453447091-276,-0.6784927791099423
1060,564022170-276,1480168165-276,-0.272179184813456
1061,564022170-276,579558414-276,-0.6977044079319465
1062,564022170-276,693670239-276,-0.6974729323369906
1063,564022170-276,873021130-276,0.29541263573882104
1064,564022170-276,620608873-276,-0.6997487553172808
1065,564022170-276,179489451-276,-0.6998425073631945
1066,564022170-276,549377034-276,0.29101656529878694
1067,564022170-276,265591755-276,-0.6994549006716616
1068,564022170-276,1907318737-276,-0.24529935281893683
1069,564022170-276,352285146-276,-0.6971723300901081
1070,564022170-276,303227559-276,-0.5883697331784216
1071,564022170-276,571918184-276,-0.6795139118374315
1072,564022170-276,209201965-276,-0.6998819619410592
1073,564022170-276,610390317-276,-0.5966818607265225
1074,564022170-276,2157468264-276,-0.20609473416943636
1075,564022170-276,985186916-276,-0.6800306312834821
1076,564022170-276,253034482-276,-0.690067366671208
1077,564022170-276,713100161-276,-0.6999985578472155
1078,564022170-276,444643759-276,-0.6999992374701366
1079,564022170-276,649244098-276,-0.5139226423130594
1080,564022170-276,224556024-276,-0.6986102081313194
1081,564022170-276,454408250-276,-0.6999977697180632
1082,564022170-276,759065146-276,-0.6999993327435992
1083,564022170-276,809681211-276,-0.16122955768249358
1084,564022170-276,1403258482-276,0.011980013835512282
1085,564022170-276,902723613-276,-0.43401818016203586
1086,564022170-276,685510731-276,-0.47452477274906296
1087,564022170-276,462799546-276,-0.699966729741004
1088,564022170-276,2068427086-276,-0.4043760161692719
1089,564022170-276,1305687480-276,-0.6999903799699144
1090,564022170-276,638800383-276,-0.6158183116533453
1091,564022170-276,638800383-276,-0.6996705981089808
1092,224556024-276,5054919381-276,-0.6999983612086085
1093,224556024-276,5054207554-276,-0.6999731578157682
1094,224556024-276,665592882-276,-0.6999998522027805
1095,224556024-276,962786054-276,-0.6999996774209173
1096,224556024-276,616074177-276,-0.6999979761352707
1097,224556024-276,443587859-276,-0.6988605344994272
1098,224556024-276,453447091-276,-0.6026948694811075
1099,224556024-276,1480168165-276,-0.6886942260728972
1100,224556024-276,579558414-276,-0.6937895312065662
1101,224556024-276,693670239-276,0.17953846260957484
1102,224556024-276,873021130-276,-0.6978122549320932
1103,224556024-276,620608873-276,-0.3702282804966103
1104,224556024-276,179489451-276,-0.6402657383629257
1105,224556024-276,549377034-276,-0.6925920561405536
1106,224556024-276,265591755-276,-0.6997987702562618
1107,224556024-276,1907318737-276,-0.5944333785683653
1108,224556024-276,352285146-276,-0.6969168599376795
1109,224556024-276,303227559-276,-0.6810573836663095
1110,224556024-276,571918184-276,-0.6994495616101744
1111,224556024-276,209201965-276,-0.6999861667326235
1112,224556024-276,610390317-276,-0.693524439853706
1113,224556024-276,2157468264-276,-0.6033207034615973
1114,224556024-276,985186916-276,-0.6469498308273537
1115,224556024-276,253034482-276,-0.6981484743352625
1116,224556024-276,713100161-276,-0.6999955877132901
1117,224556024-276,444643759-276,-0.6999230654562519
1118,224556024-276,649244098-276,-0.6983345453638148
1119,224556024-276,564022170-276,-0.6985503011019836
1120,224556024-276,454408250-276,-0.6999948359628806
1121,224556024-276,759065146-276,-0.6964492786473243
1122,224556024-276,809681211-276,-0.6910684841336322
1123,224556024-276,1403258482-276,-0.6915530685929472
1124,224556024-276,902723613-276,-0.6950827043475692
1125,224556024-276,685510731-276,-0.6969619443141845
1126,224556024-276,462799546-276,-0.6700250587526668
1127,224556024-276,2068427086-276,-0.6816160534885447
1128,224556024-276,1305687480-276,-0.6999684488014146
1129,224556024-276,638800383-276,-0.1479052484885568
1130,224556024-276,638800383-276,-0.6942155073106278
1131,454408250-276,5054919381-276,-0.699999719262452
1132,454408250-276,5054207554-276,-0.6999968695234445
1133,454408250-276,665592882-276,-0.20527001382091953
1134,454408250-276,962786054-276,0.23480495009843505
1135,454408250-276,616074177-276,-0.6733083310250056
1136,454408250-276,443587859-276,-0.6999992309703179
1137,454408250-276,453447091-276,-0.6999987718926346
1138,454408250-276,1480168165-276,-0.6999983153447386
1139,454408250-276,579558414-276,-0.6999998559912556
1140,454408250-276,693670239-276,-0.6999987585200241
1141,454408250-276,873021130-276,-0.6999964294546809
1142,454408250-276,620608873-276,-0.6999988189577359
1143,454408250-276,179489451-276,-0.6999986771452344
1144,454408250-276,549377034-276,-0.6999990477125538
1145,454408250-276,265591755-276,-0.6992180732282591
1146,454408250-276,1907318737-276,-0.6999957319173571
1147,454408250-276,352285146-276,-0.694586931256879
1148,454408250-276,303227559-276,-0.6999997627670024
1149,454408250-276,571918184-276,-0.6999996087447762
1150,454408250-276,209201965-276,-0.6998451104452088
1151,454408250-276,610390317-276,-0.6999980866010347
1152,454408250-276,2157468264-276,-0.6994237786415106
1153,454408250-276,985186916-276,-0.6999997263040247
1154,454408250-276,253034482-276,-0.6999565873162497
1155,454408250-276,713100161-276,-0.6999688379757566
1156,454408250-276,444643759-276,-0.6999999851688447
1157,454408250-276,649244098-276,-0.6999988445948055
1158,454408250-276,564022170-276,-0.699999172006181
1159,454408250-276,224556024-276,-0.6999963900917006
1160,454408250-276,759065146-276,-0.6999997956727616
1161,454408250-276,809681211-276,-0.6999980726442102
1162,454408250-276,1403258482-276,-0.6999942750616803
1163,454408250-276,902723613-276,-0.6999954907738131
1164,454408250-276,685510731-276,-0.6999997827007206
1165,454408250-276,462799546-276,-0.6990684016425827
1166,454408250-276,2068427086-276,-0.6999966309585148
1167,454408250-276,1305687480-276,-0.6999499480714378
1168,454408250-276,638800383-276,-0.6999999706633677
1169,454408250-276,638800383-276,-0.6999999759698782
1170,759065146-276,5054919381-276,-0.6999999088620399
1171,759065146-276,5054207554-276,-0.6999989795081828
1172,759065146-276,665592882-276,-0.6999999936824225
1173,759065146-276,962786054-276,-0.6999999916212717
1174,759065146-276,616074177-276,-0.6999778846838961
1175,759065146-276,443587859-276,-0.6999676428916488
1176,759065146-276,453447091-276,-0.6999969721429785
1177,759065146-276,1480168165-276,-0.6999519792805319
1178,759065146-276,579558414-276,-0.6997112257748689
1179,759065146-276,693670239-276,-0.6999950627288083
1180,759065146-276,873021130-276,-0.6999966475616917
1181,759065146-276,620608873-276,-0.6999823964864604
1182,759065146-276,179489451-276,0.2420542394899311
1183,759065146-276,549377034-276,-0.6999994669814649
1184,759065146-276,265591755-276,-0.6999695678610062
1185,759065146-276,1907318737-276,-0.6999927428079669
1186,759065146-276,352285146-276,-0.6999996974748431
1187,759065146-276,303227559-276,-0.6998396242404158
1188,759065146-276,571918184-276,-0.6999999876165527
1189,759065146-276,209201965-276,-0.6999995165623654
1190,759065146-276,610390317-276,-0.6999998178133476
1191,759065146-276,2157468264-276,-0.6984831263706417
1192,759065146-276,985186916-276,-0.6990572167178417
1193,759065146-276,253034482-276,-0.6999999339777583
1194,759065146-276,713100161-276,-0.6998967497608342
1195,759065146-276,444643759-276,0.2996322170779172
1196,759065146-276,649244098-276,-0.6999995709810173
1197,759065146-276,564022170-276,-0.6999990494186781
1198,759065146-276,224556024-276,-0.6979660187112888
1199,759065146-276,454408250-276,-0.699999847492372
1200,759065146-276,809681211-276,-0.699999895127524
1201,759065146-276,1403258482-276,-0.6999987206822038
1202,759065146-276,902723613-276,-0.6656005672393095
1203,759065146-276,685510731-276,-0.6999999763121187
1204,759065146-276,462799546-276,-0.6999925497866876
1205,759065146-276,2068427086-276,-0.6994158654562846
1206,759065146-276,1305687480-276,-0.6994652277178679
1207,759065146-276,638800383-276,-0.6999993837976434
1208,759065146-276,638800383-276,-0.6999998462072502
1209,809681211-276,5054919381-276,-0.6999974547329864
1210,809681211-276,5054207554-276,-0.6999682757623557
1211,809681211-276,665592882-276,-0.6999998165538056
1212,809681211-276,962786054-276,-0.6816541266566228
1213,809681211-276,616074177-276,-0.6999998454389296
1214,809681211-276,443587859-276,-0.698483394228561
1215,809681211-276,453447091-276,-0.6999957049782056
1216,809681211-276,1480168165-276,-0.059665857682517864
1217,809681211-276,579558414-276,-0.6928560047139113
1218,809681211-276,693670239-276,-0.6992681143950108
1219,809681211-276,873021130-276,0.1255443317591216
1220,809681211-276,620608873-276,-0.6998710490146991
1221,809681211-276,179489451-276,-0.6999980242853934
1222,809681211-276,549377034-276,0.1385849921091702
1223,809681211-276,265591755-276,-0.689044420280344
1224,809681211-276,1907318737-276,-0.26749527374204063
1225,809681211-276,352285146-276,-0.5675045652446512
1226,809681211-276,303227559-276,-0.6065440230169128
1227,809681211-276,571918184-276,-0.6889123096522486
1228,809681211-276,209201965-276,-0.6999570876628757
1229,809681211-276,610390317-276,-0.31809412597849623
1230,809681211-276,2157468264-276,0.1569140260292201
1231,809681211-276,985186916-276,-0.6999156300888542
1232,809681211-276,253034482-276,-0.6995926483118445
1233,809681211-276,713100161-276,-0.6999993940930199
1234,809681211-276,444643759-276,-0.699999907560579
1235,809681211-276,649244098-276,-0.4749033568480787
1236,809681211-276,564022170-276,-0.18519385311104997
1237,809681211-276,224556024-276,-0.6888722485648004
1238,809681211-276,454408250-276,-0.6999946659739027
1239,809681211-276,759065146-276,-0.6999999235441396
1240,809681211-276,1403258482-276,-0.6999407958300055
1241,809681211-276,902723613-276,-0.22902912858610136
1242,809681211-276,685510731-276,-0.3355495465459784
1243,809681211-276,462799546-276,-0.6126709104586453
1244,809681211-276,2068427086-276,-0.054263570088860846
1245,809681211-276,1305687480-276,-0.6999960740325417
1246,809681211-276,638800383-276,-0.6432041726625809
1247,809681211-276,638800383-276,-0.6989383147212556
1248,1403258482-276,5054919381-276,-0.6997269599067208
1249,1403258482-276,5054207554-276,-0.6969725204214645
1250,1403258482-276,665592882-276,-0.6999998157364511
1251,1403258482-276,962786054-276,-0.6999999475981143
1252,1403258482-276,616074177-276,-0.6999995222864215
1253,1403258482-276,443587859-276,-0.6999931216302508
1254,1403258482-276,453447091-276,-0.6992395976460147
1255,1403258482-276,1480168165-276,-0.6968367713747061
1256,1403258482-276,579558414-276,-0.6992899504298925
1257,1403258482-276,693670239-276,-0.6997595402931569
1258,1403258482-276,873021130-276,-0.6999974726251574
1259,1403258482-276,620608873-276,-0.6998720703642649
1260,1403258482-276,179489451-276,-0.6997589273161411
1261,1403258482-276,549377034-276,-0.07980277183917328
1262,1403258482-276,265591755-276,-0.431028192880624
1263,1403258482-276,1907318737-276,-0.6959259478020974
1264,1403258482-276,352285146-276,-0.6998134309339279
1265,1403258482-276,303227559-276,-0.6993136919150675
1266,1403258482-276,571918184-276,-0.6999818163300334
1267,1403258482-276,209201965-276,-0.6999990812553923
1268,1403258482-276,610390317-276,-0.6432589891595605
1269,1403258482-276,2157468264-276,-0.6979555052756914
1270,1403258482-276,985186916-276,-0.69946971688592
1271,1403258482-276,253034482-276,-0.696907589577121
1272,1403258482-276,713100161-276,-0.6999990724255954
1273,1403258482-276,444643759-276,-0.6999916005648367
1274,1403258482-276,649244098-276,-0.6861924440762882
1275,1403258482-276,564022170-276,-0.10944332254861344
1276,1403258482-276,224556024-276,-0.6974726780063729
1277,1403258482-276,454408250-276,-0.6999953835352232
1278,1403258482-276,759065146-276,-0.6999993674342856
1279,1403258482-276,809681211-276,-0.6999962200035565
1280,1403258482-276,902723613-276,-0.6998484407951318
1281,1403258482-276,685510731-276,-0.6976975065137231
1282,1403258482-276,462799546-276,-0.6998886673108744
1283,1403258482-276,2068427086-276,-0.6405673870055681
1284,1403258482-276,1305687480-276,-0.6999961457363021
1285,1403258482-276,638800383-276,-0.6203889196349941
1286,1403258482-276,638800383-276,-0.6999068211604189
1287,902723613-276,5054919381-276,-0.6999885670035587
1288,902723613-276,5054207554-276,-0.6923811770287776
1289,902723613-276,665592882-276,-0.699999822750946
1290,902723613-276,962786054-276,-0.680122027077234
1291,902723613-276,616074177-276,-0.6999720234815623
1292,902723613-276,443587859-276,-0.6969702131185284
1293,902723613-276,453447091-276,-0.6999607173227189
1294,902723613-276,1480168165-276,-0.3593520437706987
1295,902723613-276,579558414-276,-0.699948454292502
1296,902723613-276,693670239-276,-0.699985712892166
1297,902723613-276,873021130-276,0.04343871076354722
1298,902723613-276,620608873-276,-0.6986286158423098
1299,902723613-276,179489451-276,-0.6987114256634425
1300,902723613-276,549377034-276,-0.45612433215175635
1301,902723613-276,265591755-276,-0.4248248583892077
1302,902723613-276,1907318737-276,0.009539052867269526
1303,902723613-276,352285146-276,-0.6966593184036345
1304,902723613-276,303227559-276,-0.6973115121245154
1305,902723613-276,571918184-276,-0.6997745331314965
1306,902723613-276,209201965-276,-0.699954613254534
1307,902723613-276,610390317-276,-0.59938822529069
1308,902723613-276,2157468264-276,0.05224730605060335
1309,902723613-276,985186916-276,-0.6936755383306086
1310,902723613-276,253034482-276,-0.699866231431564
1311,902723613-276,713100161-276,-0.6998097188300914
1312,902723613-276,444643759-276,-0.6933358674998683
1313,902723613-276,649244098-276,-0.5322738725148469
1314,902723613-276,564022170-276,-0.3852149661307827
1315,902723613-276,224556024-276,-0.6953684484615261
1316,902723613-276,454408250-276,-0.6999881887979631
1317,902723613-276,759065146-276,-0.6648092787695956
1318,902723613-276,809681211-276,-0.25567853580406585
1319,902723613-276,1403258482-276,-0.6994845926917012
1320,902723613-276,685510731-276,-0.6433637173854097
1321,902723613-276,462799546-276,-0.6974977747058753
1322,902723613-276,2068427086-276,-0.21255564141799732
1323,902723613-276,1305687480-276,-0.6996037240986821
1324,902723613-276,638800383-276,-0.6642121093490737
1325,902723613-276,638800383-276,-0.6994297986728584
1326,685510731-276,5054919381-276,-0.6983532190623412
1327,685510731-276,5054207554-276,-0.6984654723993192
1328,685510731-276,665592882-276,-0.6999997390805441
1329,685510731-276,962786054-276,-0.6966917009876492
1330,685510731-276,616074177-276,-0.6999998682752843
1331,685510731-276,443587859-276,-0.6999782346580055
1332,685510731-276,453447091-276,-0.635463488406897
1333,685510731-276,1480168165-276,-0.2064183740249645
1334,685510731-276,579558414-276,-0.6409695951840989
1335,685510731-276,693670239-276,-0.6940180049996244
1336,685510731-276,873021130-276,-0.587480238086447
1337,685510731-276,620608873-276,-0.6999791033117011
1338,685510731-276,179489451-276,-0.6996307296267638
1339,685510731-276,549377034-276,-0.5911609529185603
1340,685510731-276,265591755-276,-0.6855284218087223
1341,685510731-276,1907318737-276,-0.5666431207079043
1342,685510731-276,352285146-276,-0.6873410640736461
1343,685510731-276,303227559-276,-0.2702214821983539
1344,685510731-276,571918184-276,-0.687899354407866
1345,685510731-276,209201965-276,-0.6999638768026318
1346,685510731-276,610390317-276,-0.16421122567549729
1347,685510731-276,2157468264-276,-0.5012742609504097
1348,685510731-276,985186916-276,-0.6552398731249863
1349,685510731-276,253034482-276,-0.6971668122118209
1350,685510731-276,713100161-276,-0.6999996376452768
1351,685510731-276,444643759-276,-0.6999997313619563
1352,685510731-276,649244098-276,0.27582557408230546
1353,685510731-276,564022170-276,-0.510603719313182
1354,685510731-276,224556024-276,-0.6980273192219966
1355,685510731-276,454408250-276,-0.6999994596557256
1356,685510731-276,759065146-276,-0.6999999862872185
1357,685510731-276,809681211-276,-0.4486654161548688
1358,685510731-276,1403258482-276,-0.6875854537341526
1359,685510731-276,902723613-276,-0.6603912805296612
1360,685510731-276,462799546-276,-0.6957695841988898
1361,685510731-276,2068427086-276,-0.1714595128050742
1362,685510731-276,1305687480-276,-0.6999974510015308
1363,685510731-276,638800383-276,-0.6969076388338281
1364,685510731-276,638800383-276,-0.699804512416379
1365,462799546-276,5054919381-276,-0.6999766855411526
1366,462799546-276,5054207554-276,-0.6998980332005134
1367,462799546-276,665592882-276,-0.6999998541381507
1368,462799546-276,962786054-276,-0.6999996231152992
1369,462799546-276,616074177-276,-0.6999994794052123
1370,462799546-276,443587859-276,-0.6999304823688589
1371,462799546-276,453447091-276,-0.6999923612842808
1372,462799546-276,1480168165-276,-0.6898189314442482
1373,462799546-276,579558414-276,-0.6995860621084363
1374,462799546-276,693670239-276,-0.6977186270376962
1375,462799546-276,873021130-276,-0.6985151941840053
1376,462799546-276,620608873-276,-0.6992900275897775
1377,462799546-276,179489451-276,-0.699988621054805
1378,462799546-276,549377034-276,-0.6999090859152793
1379,462799546-276,265591755-276,-0.6330163339756938
1380,462799546-276,1907318737-276,-0.683078058013614
1381,462799546-276,352285146-276,0.26233455221278046
1382,462799546-276,303227559-276,-0.6986546838346179
1383,462799546-276,571918184-276,-0.6998704907023224
1384,462799546-276,209201965-276,-0.6999985315946617
1385,462799546-276,610390317-276,-0.6974320050385685
1386,462799546-276,2157468264-276,-0.6391023836737973
1387,462799546-276,985186916-276,-0.6999955773917051
1388,462799546-276,253034482-276,-0.6999961811205673
1389,462799546-276,713100161-276,-0.6999981586768755
1390,462799546-276,444643759-276,-0.6999994011455873
1391,462799546-276,649244098-276,-0.6984775877921637
1392,462799546-276,564022170-276,-0.6998992229286823
1393,462799546-276,224556024-276,-0.6346539179681586
1394,462799546-276,454408250-276,-0.6991774513783864
1395,462799546-276,759065146-276,-0.6999958752279639
1396,462799546-276,809681211-276,-0.6224448749943086
1397,462799546-276,1403258482-276,-0.6981905815489672
1398,462799546-276,902723613-276,-0.696602421700109
1399,462799546-276,685510731-276,-0.696957224673301
1400,462799546-276,2068427086-276,-0.6810278280482228
1401,462799546-276,1305687480-276,-0.6999721200963969
1402,462799546-276,638800383-276,-0.6874904830251788
1403,462799546-276,638800383-276,-0.6999980277783697
1404,2068427086-276,5054919381-276,-0.6907037863260667
1405,2068427086-276,5054207554-276,-0.650658954856223
1406,2068427086-276,665592882-276,-0.699999663768959
1407,2068427086-276,962786054-276,-0.6995523738249446
1408,2068427086-276,616074177-276,-0.6999900425181768
1409,2068427086-276,443587859-276,-0.6972473347102697
1410,2068427086-276,453447091-276,-0.6988134435225964
1411,2068427086-276,1480168165-276,0.2971812349727885
1412,2068427086-276,579558414-276,-0.6580530299837517
1413,2068427086-276,693670239-276,-0.6968288380776579
1414,2068427086-276,873021130-276,-0.1596074269651635
1415,2068427086-276,620608873-276,-0.6991789917631794
1416,2068427086-276,179489451-276,-0.6998731562327709
1417,2068427086-276,549377034-276,-0.4811164288570901
1418,2068427086-276,265591755-276,-0.03772910862097578
1419,2068427086-276,1907318737-276,-0.4572795772597366
1420,2068427086-276,352285146-276,-0.5750189344889847
1421,2068427086-276,303227559-276,-0.4176531265868364
1422,2068427086-276,571918184-276,-0.6825785728415833
1423,2068427086-276,209201965-276,-0.6999457179103853
1424,2068427086-276,610390317-276,0.0713512915061294
1425,2068427086-276,2157468264-276,0.2804147564894901
1426,2068427086-276,985186916-276,-0.6569554309153663
1427,2068427086-276,253034482-276,-0.6969299312558398
1428,2068427086-276,713100161-276,-0.6999695796024007
1429,2068427086-276,444643759-276,-0.699997329042443
1430,2068427086-276,649244098-276,-0.06152127128790319
1431,2068427086-276,564022170-276,-0.4035965080366354
1432,2068427086-276,224556024-276,-0.6866450007516475
1433,2068427086-276,454408250-276,-0.6999843931407035
1434,2068427086-276,759065146-276,-0.6998222803391
1435,2068427086-276,809681211-276,-0.09072994943999302
1436,2068427086-276,1403258482-276,-0.6485105787805094
1437,2068427086-276,902723613-276,-0.1554761835986549
1438,2068427086-276,685510731-276,-0.02346880490004888
1439,2068427086-276,462799546-276,-0.6910264939921837
1440,2068427086-276,1305687480-276,-0.6998708130382482
1441,2068427086-276,638800383-276,-0.6987133277761529
1442,2068427086-276,638800383-276,-0.6999737444291544
1443,1305687480-276,5054919381-276,-0.699998514354424
1444,1305687480-276,5054207554-276,-0.6883741425006327
1445,1305687480-276,665592882-276,-0.6999961662789363
1446,1305687480-276,962786054-276,-0.6999938416750822
1447,1305687480-276,616074177-276,0.2994578160237197
1448,1305687480-276,443587859-276,-0.6998584485437509
1449,1305687480-276,453447091-276,-0.6999611007235595
1450,1305687480-276,1480168165-276,-0.6999416689408118
1451,1305687480-276,579558414-276,-0.6999981514376317
1452,1305687480-276,693670239-276,-0.6999936226232568
1453,1305687480-276,873021130-276,-0.6999911767006707
1454,1305687480-276,620608873-276,-0.6999943521656494
1455,1305687480-276,179489451-276,-0.6999977030168336
1456,1305687480-276,549377034-276,-0.6999982503768302
1457,1305687480-276,265591755-276,-0.6977715197206347
1458,1305687480-276,1907318737-276,-0.699975685419199
1459,1305687480-276,352285146-276,-0.6999988208023062
1460,1305687480-276,303227559-276,-0.6999939792323671
1461,1305687480-276,571918184-276,-0.6999984675493556
1462,1305687480-276,209201965-276,-0.6999953072173041
1463,1305687480-276,610390317-276,-0.6999980341963584
1464,1305687480-276,2157468264-276,-0.6998162788750791
1465,1305687480-276,985186916-276,-0.6999887369465545
1466,1305687480-276,253034482-276,-0.6999384545280313
1467,1305687480-276,713100161-276,0.2987596396936575
1468,1305687480-276,444643759-276,-0.6999998162077092
1469,1305687480-276,649244098-276,-0.6999982261164323
1470,1305687480-276,564022170-276,-0.6999961028510492
1471,1305687480-276,224556024-276,-0.6999969599134407
1472,1305687480-276,454408250-276,-0.6999568526409855
1473,1305687480-276,759065146-276,-0.6998201983753912
1474,1305687480-276,809681211-276,-0.6999987915461078
1475,1305687480-276,1403258482-276,-0.6999978860598652
1476,1305687480-276,902723613-276,-0.6998328201811517
1477,1305687480-276,685510731-276,-0.6999994867165986
1478,1305687480-276,462799546-276,-0.6999956988265922
1479,1305687480-276,2068427086-276,-0.6999461103092683
1480,1305687480-276,638800383-276,-0.6999994293088695
1481,1305687480-276,638800383-276,-0.6999995023465595
1482,638800383-276,5054919381-276,-0.6999895463722356
1483,638800383-276,5054207554-276,-0.699865819635229
1484,638800383-276,665592882-276,-0.699999463184902
1485,638800383-276,962786054-276,-0.6999983948065648
1486,638800383-276,616074177-276,-0.699999657549772
1487,638800383-276,443587859-276,-0.6994192491877658
1488,638800383-276,453447091-276,-0.6985172719856122
1489,638800383-276,1480168165-276,-0.6991208005416149
1490,638800383-276,579558414-276,-0.6996284029919546
1491,638800383-276,693670239-276,-0.6993371503570427
1492,638800383-276,873021130-276,-0.5957007706158183
1493,638800383-276,620608873-276,-0.6983547281575971
1494,638800383-276,179489451-276,-0.6994744289020624
1495,638800383-276,549377034-276,-0.5897755305336141
1496,638800383-276,265591755-276,-0.6993306240813154
1497,638800383-276,1907318737-276,0.11811622050225257
1498,638800383-276,352285146-276,-0.6865168571356957
1499,638800383-276,303227559-276,-0.6967788112493801
1500,638800383-276,571918184-276,-0.6997065177079238
1501,638800383-276,209201965-276,-0.699875508901699
1502,638800383-276,610390317-276,-0.6979556462853804
1503,638800383-276,2157468264-276,-0.6763969846144864
1504,638800383-276,985186916-276,-0.6968040082574504
1505,638800383-276,253034482-276,-0.6968574055076858
1506,638800383-276,713100161-276,-0.6999996210165684
1507,638800383-276,444643759-276,-0.6999993169134766
1508,638800383-276,649244098-276,-0.6980605221949276
1509,638800383-276,564022170-276,-0.6043328992576406
1510,638800383-276,224556024-276,-0.11053837936827715
1511,638800383-276,454408250-276,-0.6999993257441949
1512,638800383-276,759065146-276,-0.6999991686340744
1513,638800383-276,809681211-276,-0.6043476777013466
1514,638800383-276,1403258482-276,-0.5068979146728205
1515,638800383-276,902723613-276,-0.6794727204003091
1516,638800383-276,685510731-276,-0.6966518726280969
1517,638800383-276,462799546-276,-0.6848682224428507
1518,638800383-276,2068427086-276,-0.6989948735805884
1519,638800383-276,1305687480-276,-0.6999929196724329
1520,638800383-276,638800383-276,-0.6104144773936058
